Strike,IV,Delta
22.5,1.4782,-0.08978
25.0,0.8734999999999999,-0.05533
30.0,0.8117,-0.09911
35.0,0.7963,-0.16764
40.0,0.7662,-0.24867
45.0,0.7486,-0.3413
50.0,0.7423000000000001,-0.43637
55.0,0.7409,-0.52615
60.0,0.7368000000000001,-0.60838
65.0,0.7465,-0.67503
70.0,0.8012,-0.71043
75.0,0.7975,-0.7614
80.0,0.7459,-0.82692
85.0,0.8218000000000001,-0.82716
90.0,0.8105,-0.86128
95.0,0.871,-0.86125
100.0,0.8862000000000001,-0.87702
