Strike,Bid,Midpoint,Ask
22.5,0.2,2.55,4.9
25.0,0.0,1.4,1.4
30.0,1.1,1.3,1.5
35.0,2.2,2.48,2.75
40.0,3.7,4.0,4.3
45.0,5.8,6.1,6.4
50.0,8.5,8.8,9.1
55.0,11.6,12.0,12.4
60.0,15.1,15.55,16.0
65.0,19.1,19.55,20.0
70.0,23.1,24.2,25.3
75.0,27.0,28.45,29.9
80.0,30.4,32.5,34.6
85.0,36.1,37.6,39.1
90.0,40.0,42.15,44.3
95.0,45.5,47.2,48.9
100.0,50.3,52.0,53.7
